섹션,헤드라인,이미지 URL
"민주 ""명태균이 尹·洪 부부회동 성사…홍준표 정계은퇴 약속 지켜야""",https://mimgnews.pstatic.net/image/origin/003/2025/04/03/13161656.jpg?type=nf220_150
"野 ""심우정 자녀 특혜채용 의혹에 외교부 현직 국장 개입""",https://mimgnews.pstatic.net/image/origin/018/2025/04/03/5977570.jpg?type=nf220_150
"민주, ""마은혁은 공산주의자"" 與 박충권 윤리위 제소",https://mimgnews.pstatic.net/image/origin/421/2025/04/03/8170741.jpg?type=nf220_150
"尹선고 D-1, 이재명 ""4·3은 '대한민국 정부 최초의 계엄령'""",https://mimgnews.pstatic.net/image/origin/119/2025/04/03/2941069.jpg?type=nf220_150
"與 ""추경, 정략적 계산 티끌 만큼도 개입하면 안 돼""",https://mimgnews.pstatic.net/image/origin/031/2025/04/03/921576.jpg?type=nf220_150
"‘2차 계엄’ 질문 나오자, 국방부의 확고한 입장 확인 [지금뉴스]",https://mimgnews.pstatic.net/image/origin/056/2025/04/03/11924589.jpg?type=nf220_150
尹 탄핵인용 57%·기각 35%…'결과 수용' 50%·'수용 안해' 44%[NBS조사](종합),https://mimgnews.pstatic.net/image/origin/001/2025/04/03/15308191.jpg?type=nf220_150
"美 25% 상호관세 대응 회의…한대행 ""통상위기 극복 총력""(종합)",https://mimgnews.pstatic.net/image/origin/421/2025/04/03/8169924.jpg?type=nf220_150
'평화의 물결 세계로' 77주년 제주4·3희생자 추념식 봉행,https://mimgnews.pstatic.net/image/origin/001/2025/04/03/15307634.jpg?type=nf220_150
"한 대행, 제주혁신성장센터 방문…""지방 발전 모범 모델""",https://mimgnews.pstatic.net/image/origin/421/2025/04/03/8171791.jpg?type=nf220_150
"""의원님 말씀은 전제 자체가 잘못됐다"" 공수처장과 국힘 의원 설전",https://mimgnews.pstatic.net/image/origin/006/2025/04/03/129303.jpg?type=ofullfill220_150
탄핵 기각 또는 각하되면?…조심스러운 대통령실 전망,https://mimgnews.pstatic.net/image/origin/015/2025/04/03/5114737.jpg?type=ofullfill220_150
"윤석열, 관저서 TV로 탄핵심판 지켜볼 듯…기각·각하 시 즉시 업무 복귀",https://mimgnews.pstatic.net/image/origin/654/2025/04/03/114292.jpg?type=ofullfill220_150
"與, 尹 복귀 전제 ""개헌 추진""…野 ""기각 땐 군사정권 회귀""",https://mimgnews.pstatic.net/image/origin/011/2025/04/03/4469763.jpg?type=ofullfill220_150
‘인용 불가’ vs ‘기각 불복’…다른 듯 닮은 친명·친윤,https://mimgnews.pstatic.net/image/origin/018/2025/04/03/5978004.jpg?type=ofullfill220_150
'호남 일당' 체제 허물어졌다…지방선거 앞둔 민주당 속내는 '복잡',https://mimgnews.pstatic.net/image/origin/015/2025/04/03/5114726.jpg?type=ofullfill220_150
"與, 野약진 재보선에 ""무겁게 받아들여""…""민심의 죽비"" 평가도(종합)",https://mimgnews.pstatic.net/image/origin/001/2025/04/03/15309692.jpg?type=ofullfill220_150
李 뛰고도 904표차로 담양군수 놓친 민주…호남 민심 경계령,https://mimgnews.pstatic.net/image/origin/025/2025/04/03/3431748.jpg?type=ofullfill220_150
"총력전 펼친 양측 대리인단, 尹 선고 하루 앞두고 서로 ""우리가 이긴다""",https://mimgnews.pstatic.net/image/origin/088/2025/04/03/939955.jpg?type=ofullfill220_150
"尹, 관저서 TV로 탄핵심판 지켜볼 듯",https://mimgnews.pstatic.net/image/origin/448/2025/04/03/518205.jpg?type=ofullfill220_150
"""정청래 팀킬이냐""…'폭력적일 것 같은 정치인 1위 이재명' SNS 공유 논란",https://mimgnews.pstatic.net/image/origin/119/2025/04/03/2941205.jpg?type=ofullfill220_150
"이재명 '1만 명 학살' 발언에 尹측 ""허위 사실로 극단적 선동""",https://mimgnews.pstatic.net/image/origin/469/2025/04/03/857507.jpg?type=ofullfill220_150
"트럼프 측근 플라이츠 ""차기 지도자 누가되든 한미관계 탄탄""(종합)",https://mimgnews.pstatic.net/image/origin/001/2025/04/03/15309680.jpg?type=ofullfill220_150
尹 탄핵열차 종착역으로…'포스트 탄핵' 정국 열린다,https://mimgnews.pstatic.net/image/origin/656/2025/04/03/127291.jpg?type=ofullfill220_150
"여야, 尹선고 하루 앞두고 '8대 0 인용' vs '기각·각하' 여론전",https://mimgnews.pstatic.net/image/origin/656/2025/04/03/127290.jpg?type=ofullfill220_150
"이재명, 尹선고 하루전 “계엄때 국민 1만명 학살계획 있었다”",https://mimgnews.pstatic.net/image/origin/020/2025/04/03/3625820.jpg?type=ofullfill220_150
"""한 손엔 촛불, 한 손엔 깃발… 우리는 길 위에 서 있었다""",https://mimgnews.pstatic.net/image/origin/047/2025/04/03/2468426.jpg?type=ofullfill220_150
"외교차관 ""심우정 딸 취업 특혜 주어질 상황 아냐""",https://mimgnews.pstatic.net/image/origin/277/2025/04/03/5572642.jpg?type=ofullfill220_150
"與지도부, 尹선고 생중계 시청…의원 20여명은 방청(종합2보)",https://mimgnews.pstatic.net/image/origin/421/2025/04/03/8172086.jpg?type=ofullfill220_150
이재명 무죄 후 안 보이는 '비명'…'추대 방식'은 독 '레드팀' 역할론,https://mimgnews.pstatic.net/image/origin/421/2025/04/03/8172085.jpg?type=ofullfill220_150
"선고 직전 與, “尹 복귀해도 개헌 나설 것”…인용 시나리오엔 침묵",https://mimgnews.pstatic.net/image/origin/025/2025/04/03/3431743.jpg?type=ofullfill220_150
"""이재명 이성잃어, 극단적 선동선전 나서"" 尹측, 李 주장 일축",https://mimgnews.pstatic.net/image/origin/014/2025/04/03/5330987.jpg?type=ofullfill220_150
"""정혜경 의원에 대한 경찰의 과잉 진압... 책임자 처벌해야""",https://mimgnews.pstatic.net/image/origin/047/2025/04/03/2468423.jpg?type=ofullfill220_150
"[종합] 尹, 탄핵 선고 불출석…경찰, 당일 '갑호비상'",https://mimgnews.pstatic.net/image/origin/031/2025/04/03/921726.jpg?type=ofullfill220_150
"국회 속기록 박제된 총리·장관의 '위헌 계엄' 증언, 파면 증거 될까",https://mimgnews.pstatic.net/image/origin/047/2025/04/03/2468422.jpg?type=ofullfill220_150
"고민정 ""재보선 野 승리는 '尹 탄핵' 바로미터… 헌재 만장일치 200% 믿어""",https://mimgnews.pstatic.net/image/origin/469/2025/04/03/857500.jpg?type=ofullfill220_150
"국민의힘 4·2 재·보선 참패…""선거 결과 무겁게 받아들인다""",https://mimgnews.pstatic.net/image/origin/088/2025/04/03/939945.jpg?type=ofullfill220_150
"尹, 관저서 TV로 탄핵심판 지켜볼 듯…대통령실, 긴장 속 주시",https://mimgnews.pstatic.net/image/origin/001/2025/04/03/15309626.jpg?type=ofullfill220_150
"'계엄, 1만명 학살 계획' 이재명 주장에 尹측 ""이성 잃은 듯, 경악""",https://mimgnews.pstatic.net/image/origin/088/2025/04/03/939940.jpg?type=ofullfill220_150
'마은혁 임명 거부' 최상목 탄핵 표결…尹파면 따라 유동적,https://mimgnews.pstatic.net/image/origin/421/2025/04/03/8172036.jpg?type=ofullfill220_150
"트럼프 흥정판 들어온 韓...""정상급 '패키지 딜'로 대응책 마련해야""",https://mimgnews.pstatic.net/image/origin/025/2025/04/03/3431734.jpg?type=ofullfill220_150
"국민의힘 ""이재명, 가짜뉴스 막말 쏟아내… 무책임한 망발""",https://mimgnews.pstatic.net/image/origin/417/2025/04/03/1068474.jpg?type=ofullfill220_150
박충권 '공산주의자' 발언에 민주당 부글부글…윤리위 제소키로,https://mimgnews.pstatic.net/image/origin/015/2025/04/03/5114699.jpg?type=ofullfill220_150
"“불출마하면 경제특보 보장”…홍남표 창원시장, 당선무효 확정 [세상&]",https://mimgnews.pstatic.net/image/origin/016/2025/04/03/2452374.jpg?type=ofullfill220_150
"외교1차관 ""심우정 딸, 블라인드 채용…특혜 주어질 상황 아냐""",https://mimgnews.pstatic.net/image/origin/055/2025/04/03/1246031.jpg?type=ofullfill220_150
"""피해자에 승복 요구?"" 헌재 尹 탄핵심판 임박인데…민주당 '불복' 기류 여전",https://mimgnews.pstatic.net/image/origin/119/2025/04/03/2941188.jpg?type=ofullfill220_150
